address,amount
0xd950933125f3ee7fa797d8cd841c6239df488912,5963.632583
0x6579ff798bdacf9363bc57906a3279ed20f795b2,4399.859636
0xe13a21aced01b8197a3c3c7f0ea64181844cf68f,3234.196318
0x85fc0bb466613b6c1123b28f59ccee8eef38e241,3048.624577
0xffa88cb5826bb90902f4dd6e1f2ff7a28428e5b6,2822.793916
0x36bbc5cfa2dd5fc7e72d6e9d06df2330775051f6,1727.159717
0x912e8708372da6ea74c62acf8a50b08a5ad4b415,1568.754036